county_fips	tweets	county	state	pop	tdays	disease	tpm	score	scorenew
1003	1	Baldwin County	AL	186717	1	Influenza	5.355000000	0.26417741494877395	0.56815069038526
1015	2	Calhoun County	AL	117797	2	Influenza	16.978000000	0.8254710823289164	1.766588170657257
1021	1	Chilton County	AL	43895	1	Influenza	22.781000000	0.4526981346461612	1.447960457220381
1033	1	Colbert County	AL	54512	1	Influenza	18.344000000	0.4231974705532053	1.286631866576702
1049	1	DeKalb County	AL	71375	1	Influenza	14.010000000	0.3869595208064815	1.0990883658015957
1055	2	Etowah County	AL	104303	2	Influenza	19.174000000	0.8583984704664696	1.868455925100039
1069	1	Houston County	AL	102369	1	Influenza	9.768000000	0.33951125327176745	0.8735621590833184
1071	1	Jackson County	AL	53291	1	Influenza	18.764000000	0.4262660144262148	1.303068019629331
1073	6	Jefferson County	AL	658931	4	Influenza	9.105000000	1.321731629060334	1.8250100153948325
1081	2	Lee County	AL	143468	2	Influenza	13.940000000	0.7725834799156204	1.6060034499854656
1089	2	Madison County	AL	340111	2	Influenza	5.880000000	0.5510339005557864	0.9858167945227654
1097	10	Mobile County	AL	412577	4	Influenza	24.237000000	1.8447492409455346	2.697980625044377
1101	2	Montgomery County	AL	232032	2	Influenza	8.619000000	0.6467829454772795	1.2420115004909824
1103	2	Morgan County	AL	119953	2	Influenza	16.673000000	0.8205823003450456	1.7515821081568457
1109	1	Pike County	AL	32915	1	Influenza	30.381000000	0.4923146591755166	1.6752524048882111
1117	1	Shelby County	AL	197936	1	Influenza	5.052000000	0.25719839941801564	0.5433204722127415
1121	2	Talladega County	AL	81664	2	Influenza	24.490000000	0.9252246338251497	2.079084335031994
1123	1	Tallapoosa County	AL	41623	1	Influenza	24.025000000	0.45998218931446916	1.4888831820353576
1125	6	Tuscaloosa County	AL	197211	4	Influenza	30.424000000	1.9700411040983175	2.911542885032693
2020	2	Anchorage Municipality	AK	295570	2	Influenza	6.766000000	0.5856443518027074	1.0760744956427435
2185	2	North Slope Borough	AK	9503	1	Influenza	210.459000000	0.7648615894666332	3.4361001779568574
4005	1	Coconino County	AZ	134511	1	Influenza	7.434000000	0.30461016504633825	0.7236763855947681
4013	8	Maricopa County	AZ	3880244	6	Influenza	2.061000000	0.9589214228256646	1.017608802134026
4019	1	Pima County	AZ	989569	1	Influenza	1.010000000	0.09973353172442632	0.13478061202495462
5007	1	Benton County	AR	227556	1	Influenza	4.394000000	0.2407553178167912	0.4871767520028905
5011	1	Bradley County	AR	11482	1	Influenza	87.092000000	0.6397688175595206	2.598362877981472
5027	1	Columbia County	AR	24401	1	Influenza	40.981000000	0.5338881621394077	1.9248949501565507
5031	1	Craighead County	AR	98315	1	Influenza	10.171000000	0.3447601620841016	0.8973117652763521
5039	1	Dallas County	AR	8072	1	Influenza	123.885000000	0.6896276162632227	2.9284089260033954
5045	1	Faulkner County	AR	116342	1	Influenza	8.595000000	0.32303458992280903	0.8010402010044533
5063	1	Independence County	AR	36861	1	Influenza	27.128000000	0.4766807887861095	1.5842080126736815
5083	1	Logan County	AR	22290	1	Influenza	44.863000000	0.5465226702535925	2.00269547743452
5091	1	Miller County	AR	43759	1	Influenza	22.852000000	0.45312401018012277	1.4503416902138275
5093	1	Mississippi County	AR	45966	1	Influenza	21.755000000	0.4463978430669436	1.4129015161104042
5143	1	Washington County	AR	207521	1	Influenza	4.818000000	0.2515652228675728	0.5237136438681697
5145	2	White County	AR	78167	1	Influenza	25.586000000	0.46862639449220106	1.5379725992254498
6001	5	Alameda County	CA	1529875	3	Influenza	3.268000000	0.6219194286169315	0.8757068042518222
6013	1	Contra Costa County	CA	1066096	1	Influenza	0.938000000	0.0945223590669392	0.12575120530556025
6017	1	El Dorado County	CA	180938	1	Influenza	5.526000000	0.26797059973873266	0.5818963350479077
6019	4	Fresno County	CA	942904	4	Influenza	4.242000000	0.9466874885149797	1.2308094582794957
6023	1	Humboldt County	CA	134761	1	Influenza	7.420000000	0.3043728326077479	0.7227059828014898
6029	4	Kern County	CA	851710	4	Influenza	4.696000000	0.9941509566340997	1.3038439954578234
6031	1	Kings County	CA	153765	1	Influenza	6.503000000	0.2879004200805131	0.6570017339235921
6037	59	Los Angeles County	CA	9889056	7	Influenza	5.966000000	1.9410411719438094	1.9410411719438094
6039	1	Madera County	CA	152925	1	Influenza	6.539000000	0.28858422103279496	0.6596642604576606
6047	4	Merced County	CA	259898	3	Influenza	15.390000000	1.1985734540381736	2.0275841784609336
6053	2	Monterey County	CA	421898	1	Influenza	4.740000000	0.24963703004735358	0.517091665344637
6059	13	Orange County	CA	3055745	6	Influenza	4.254000000	1.4219911639400125	1.5360681292902778
6065	6	Riverside County	CA	2239620	5	Influenza	2.679000000	0.930457840087598	1.0693796237142086
6067	4	Sacramento County	CA	1436105	3	Influenza	2.785000000	0.5704482372383195	0.7855310048374724
6071	9	San Bernardino County	CA	2065377	5	Influenza	4.357000000	1.1988600834991594	1.4139442690724597
6073	15	San Diego County	CA	3140069	5	Influenza	4.776000000	1.2526510011360892	1.484198576101262
6075	29	San Francisco County	CA	812826	7	Influenza	35.677000000	3.60214985560284	3.60214985560284
6077	3	San Joaquin County	CA	696214	2	Influenza	4.309000000	0.4769724267432956	0.8025139461851701
6079	4	San Luis Obispo County	CA	271969	3	Influenza	14.707000000	1.1803313455118123	1.9882852226379728
6081	2	San Mateo County	CA	727209	1	Influenza	2.750000000	0.18882226285461706	0.33135713595444244
6083	1	Santa Barbara County	CA	426878	1	Influenza	2.342000000	0.17236706145331457	0.28861021302460294
6085	5	Santa Clara County	CA	1809378	4	Influenza	2.763000000	0.7572665780636001	0.9473463329094414
6087	4	Santa Cruz County	CA	264298	3	Influenza	15.134000000	1.1918266485063354	2.0130346094822373
6095	1	Solano County	CA	416471	1	Influenza	2.401000000	0.17486707228929405	0.2949059175411005
6097	1	Sonoma County	CA	488116	1	Influenza	2.048000000	0.15921223397491427	0.256633589758506
6099	2	Stanislaus County	CA	518522	2	Influenza	3.857000000	0.4515488466753165	0.7428892724547593
6111	2	Ventura County	CA	831771	1	Influenza	2.404000000	0.17499303010158967	0.29522498162250976
6113	1	Yolo County	CA	202054	1	Influenza	4.949000000	0.2547461626008241	0.5347374438123036
8001	3	Adams County	CO	451443	2	Influenza	6.645000000	0.5811576683945787	1.0642180047824101
8005	2	Arapahoe County	CO	584948	2	Influenza	3.419000000	0.4245466931853151	0.681508282021306
8013	1	Boulder County	CO	299378	1	Influenza	3.340000000	0.20969633544461622	0.39010972002496974
8031	11	Denver County	CO	619968	5	Influenza	17.742000000	2.0934049962154515	2.615412637152502
9001	7	Fairfield County	CT	925899	4	Influenza	7.560000000	1.2269143943735146	1.6714733033535532
9003	6	Hartford County	CT	894705	4	Influenza	6.706000000	1.1668567121165518	1.5752604606325138
9005	1	Litchfield County	CT	188789	1	Influenza	5.296000000	0.26284493015930027	0.5633638571809815
9009	1	New Haven County	CT	861113	1	Influenza	1.161000000	0.11008158250353557	0.15345656143179257
9013	1	Tolland County	CT	152507	1	Influenza	6.557000000	0.28892489800551185	0.660992870041939
10003	1	New Castle County	DE	541971	1	Influenza	1.845000000	0.1493661525111849	0.2339421785564353
10005	1	Sussex County	DE	200330	1	Influenza	4.991000000	0.255751191871684	0.5382462193419829
11001	6	District of Columbia	DC	617996	6	Influenza	9.708000000	2.032278107706948	2.2322852453367314
12001	1	Alachua County	FL	249365	1	Influenza	4.010000000	0.2302051307281105	0.45289380167927534
12009	1	Brevard County	FL	543566	1	Influenza	1.839000000	0.149064553927262	0.23326359902349758
12011	7	Broward County	FL	1780172	4	Influenza	3.932000000	0.911854048744056	1.1776874954965735
12031	6	Duval County	FL	870709	4	Influenza	6.890000000	1.1803406484901617	1.5967867948805414
12033	3	Escambia County	FL	299114	3	Influenza	10.029000000	1.028797785996004	1.6673563548394716
12055	1	Highlands County	FL	98630	1	Influenza	10.138000000	0.34433752645249666	0.8953880711916138
12057	5	Hillsborough County	FL	1267775	3	Influenza	3.943000000	0.6848453289963523	0.9894880854589782
12071	2	Lee County	FL	631330	2	Influenza	3.167000000	0.40777038641151897	0.644407015140555
12073	5	Leon County	FL	277971	3	Influenza	17.987000000	1.2616090861976907	2.1643241663880053
12086	9	Miami-Dade County	FL	2554766	4	Influenza	3.522000000	0.8622596422033019	1.1027940092647834
12091	2	Okaloosa County	FL	183482	1	Influenza	10.900000000	0.3537912000167834	0.9388905637913959
12095	3	Orange County	FL	1169107	3	Influenza	2.566000000	0.5449047940461209	0.7418012810513661
12097	2	Osceola County	FL	276163	2	Influenza	7.242000000	0.6026408665476073	1.1213983229878997
12099	1	Palm Beach County	FL	1335187	1	Influenza	0.748000000	0.07978175389047767	0.10152459648943606
12101	5	Pasco County	FL	466457	4	Influenza	10.719000000	1.4064065464436943	1.9636297760790264
12103	1	Pinellas County	FL	917398	1	Influenza	1.090000000	0.1053091522823885	0.144718582015087
12105	1	Polk County	FL	609492	1	Influenza	1.640000000	0.13868270245117498	0.21049243376065088
12113	1	Santa Rosa County	FL	154104	1	Influenza	6.489000000	0.2876336110381757	0.6559643894322293
12115	1	Sarasota County	FL	382213	1	Influenza	2.616000000	0.18362406321856145	0.31751822873753843
12131	1	Walton County	FL	55793	1	Influenza	17.923000000	0.42005401620313043	1.2698809228509633
13011	1	Banks County	GA	18251	1	Influenza	54.791000000	0.574516080865143	2.177847573735137
13015	1	Bartow County	GA	100421	1	Influenza	9.958000000	0.3420099690166034	0.884829549826498
13023	1	Bleckley County	GA	13290	1	Influenza	75.244000000	0.6191341034095467	2.4637802896010417
13045	1	Carroll County	GA	111159	1	Influenza	8.996000000	0.32888357328181517	0.8264285419292586
13051	1	Chatham County	GA	271544	1	Influenza	3.682000000	0.2205321955812456	0.42264993286226527
13057	1	Cherokee County	GA	218286	1	Influenza	4.581000000	0.2456239959723281	0.5034556751469272
13059	1	Clarke County	GA	117344	1	Influenza	8.521000000	0.32192855504336493	0.796283796613734
13063	1	Clayton County	GA	261532	1	Influenza	3.823000000	0.22477087729811926	0.43576335025769597
13067	5	Cobb County	GA	697553	4	Influenza	7.167000000	1.2000580825006506	1.6283437792173197
13089	1	DeKalb County	GA	699893	1	Influenza	1.428000000	0.1267239818853217	0.18564934688662926
13095	4	Dougherty County	GA	94788	2	Influenza	42.199000000	1.075947813381141	2.5693134473273056
13115	1	Floyd County	GA	95989	1	Influenza	10.417000000	0.34787192467059863	0.9115365916943345
13121	14	Fulton County	GA	949599	7	Influenza	14.743000000	2.756395822032492	2.756395822032492
13135	1	Gwinnett County	GA	824941	1	Influenza	1.212000000	0.11341386909429836	0.15968635010137375
13147	1	Hart County	GA	25305	1	Influenza	39.517000000	0.5288173770181759	1.8939076881235952
13159	1	Jasper County	GA	13885	1	Influenza	72.020000000	0.6129619108896415	2.423790835927931
13185	3	Lowndes County	GA	111885	3	Influenza	26.813000000	1.4252158016969807	2.5250312583340326
13217	1	Newton County	GA	100814	1	Influenza	9.919000000	0.3415006272902756	0.8825271017213459
13223	1	Paulding County	GA	143542	1	Influenza	6.966000000	0.2964546406799218	0.6907156553685302
13233	1	Polk County	GA	41211	1	Influenza	24.265000000	0.4613457198205531	1.496589111963948
13235	1	Pulaski County	GA	11735	1	Influenza	85.215000000	0.6366920252074422	2.578212658079456
13245	1	Richmond County	GA	201217	1	Influenza	4.969000000	0.25522562988378755	0.5364098248359201
13261	1	Sumter County	GA	32511	1	Influenza	30.758000000	0.4940206660148436	1.6852872247175383
15003	3	Honolulu County	HI	963607	3	Influenza	3.113000000	0.606065438249266	0.8476447389933731
16001	2	Ada County	ID	400842	2	Influenza	4.989000000	0.5114069866520929	0.8860082392604627
16013	1	Blaine County	ID	21199	1	Influenza	47.172000000	0.553539705628319	2.0462540207378117
17001	1	Adams County	IL	67159	1	Influenza	14.890000000	0.3950985686498035	1.1401197624794583
17019	1	Champaign County	IL	201685	1	Influenza	4.958000000	0.25496212204158436	0.5354903614033993
17031	35	Cook County	IL	5217080	7	Influenza	6.708000000	2.04225875055212	2.04225875055212
17037	2	DeKalb County	IL	104743	2	Influenza	19.094000000	0.8572632180114637	1.864921415809369
17043	3	DuPage County	IL	923222	2	Influenza	3.249000000	0.4133381888950498	0.6566313772659015
17089	3	Kane County	IL	520271	2	Influenza	5.766000000	0.5462600201024334	0.9735888184990885
17093	1	Kendall County	IL	116631	1	Influenza	8.574000000	0.3227215844243311	0.7996927080994809
17097	1	Lake County	IL	706222	1	Influenza	1.415000000	0.1259570410149337	0.18410567858745605
17109	4	McDonough County	IL	32582	3	Influenza	122.767000000	2.065028899607685	3.9818182216171505
17113	1	McLean County	IL	170556	1	Influenza	5.863000000	0.2751635234180711	0.6084448240412651
17119	1	Madison County	IL	268459	1	Influenza	3.724000000	0.22180798547644515	0.4265740713183996
17163	1	St. Clair County	IL	270259	1	Influenza	3.700000000	0.22108035838800186	0.42433359241254714
17167	2	Sangamon County	IL	198844	2	Influenza	10.058000000	0.686615470833069	1.3542138105134058
17177	1	Stephenson County	IL	47563	1	Influenza	21.024000000	0.4417332525486152	1.3871511368398723
17179	1	Tazewell County	IL	135661	1	Influenza	7.371000000	0.3035390502397028	0.7193021380367964
17183	1	Vermilion County	IL	81509	1	Influenza	12.268000000	0.369336445869258	1.0125355397126612
17197	5	Will County	IL	681545	3	Influenza	7.336000000	0.9088214935761477	1.421661504957182
17203	2	Woodford County	IL	38861	1	Influenza	51.465000000	0.5657351829442677	2.1225181355369687
18003	2	Allen County	IN	358327	2	Influenza	5.581000000	0.5383390598497092	0.9534213502123233
18021	1	Clay County	IN	26894	1	Influenza	37.183000000	0.52034148434014	1.842429950660256
18043	1	Floyd County	IN	74989	1	Influenza	13.335000000	0.3803862999050476	1.0664333903038745
18057	1	Hamilton County	IN	282810	1	Influenza	3.535000000	0.21597501193815713	0.40879289820083897
18077	1	Jefferson County	IN	32249	1	Influenza	31.008000000	0.49514083879356197	1.691886514829307
18089	1	Lake County	IN	495558	1	Influenza	2.017000000	0.1577518514538463	0.2532015354624563
18091	1	LaPorte County	IN	111374	1	Influenza	8.978000000	0.3286260956341208	0.8253026270045368
18097	4	Marion County	IN	911296	2	Influenza	4.389000000	0.48124566827181703	0.8127064156175846
18105	4	Monroe County	IN	139799	4	Influenza	28.612000000	1.936102676903344	2.853576038575101
18135	2	Randolph County	IN	26105	2	Influenza	76.613000000	1.2433528396947124	3.1306751695387804
18141	2	St. Joseph County	IN	266700	2	Influenza	7.499000000	0.6114138598618541	1.1450413910796116
18143	1	Scott County	IN	23987	1	Influenza	41.689000000	0.5362773251151265	1.9395429828302146
18163	1	Vanderburgh County	IN	180305	1	Influenza	5.546000000	0.2684077394398555	0.5834917406192383
18167	1	Vigo County	IN	108182	1	Influenza	9.243000000	0.33237064935062827	0.8417518976819454
18169	1	Wabash County	IN	32608	1	Influenza	30.667000000	0.49361073274183137	1.6828742305072826
18177	1	Wayne County	IN	68643	1	Influenza	14.568000000	0.3921739322062356	1.1253005856745832
19013	1	Black Hawk County	IA	131549	1	Influenza	7.601000000	0.30741121079562034	0.7351798704641136
19033	1	Cerro Gordo County	IA	43938	1	Influenza	22.759000000	0.4525659151523787	1.4472214581944753
19049	1	Dallas County	IA	69444	1	Influenza	14.400000000	0.3906239299170834	1.1174807729724925
19101	1	Jefferson County	IA	16815	1	Influenza	59.470000000	0.5860210534693031	2.250840568998177
19113	2	Linn County	IA	213875	2	Influenza	9.351000000	0.6677380381147466	1.3006586608296362
19137	1	Montgomery County	IA	10640	1	Influenza	93.984000000	0.6505297794804987	2.6690519393952474
19139	1	Muscatine County	IA	42815	1	Influenza	23.356000000	0.4561111751066182	1.467084042486353
19153	5	Polk County	IA	437399	4	Influenza	11.431000000	1.440110487319759	2.019160610794906
19163	2	Scott County	IA	167095	2	Influenza	11.969000000	0.7321605412438869	1.48607505275916
19167	1	Sioux County	IA	33900	1	Influenza	29.498000000	0.48823730109897434	1.65134731551131
19169	4	Story County	IA	89663	2	Influenza	44.611000000	1.091471118714201	2.6207478726994133
19197	2	Wright County	IA	13068	1	Influenza	153.045000000	0.7196063953602078	3.129544876635147
20001	1	Allen County	KS	13331	1	Influenza	75.013000000	0.618700625470011	2.460967622228709
20015	1	Butler County	KS	65817	1	Influenza	15.193000000	0.3977970071559048	1.1538667747852787
20055	1	Finney County	KS	37083	1	Influenza	26.966000000	0.4758556409455227	1.5794498752272645
20061	1	Geary County	KS	35323	1	Influenza	28.310000000	0.48256125067468586	1.6182560608849819
20111	1	Lyon County	KS	33764	1	Influenza	29.617000000	0.4887936300357193	1.654602464388474
20113	1	McPherson County	KS	29241	1	Influenza	34.198000000	0.508712751829717	1.772479562432564
20147	1	Phillips County	KS	5555	1	Influenza	180.018000000	0.7426566391192946	3.2852947198513878
20161	2	Riley County	KS	72997	2	Influenza	27.398000000	0.9560910629006188	2.17792848839449
20173	2	Sedgwick County	KS	501076	2	Influenza	3.991000000	0.45932465442499204	0.7609393314703777
20209	1	Wyandotte County	KS	158224	1	Influenza	6.320000000	0.2843729039961743	0.6433565160569298
21047	2	Christian County	KY	73591	2	Influenza	27.177000000	0.9538588692349245	2.1707502196502024
21059	1	Daviess County	KY	97234	1	Influenza	10.284000000	0.34619797044853573	0.9038710690143735
21067	2	Fayette County	KY	301569	2	Influenza	6.631000000	0.5806339709449989	1.0628370615761724
21151	1	Madison County	KY	84188	1	Influenza	11.878000000	0.3650743470165702	0.9920870738474394
21177	1	Muhlenberg County	KY	31272	1	Influenza	31.977000000	0.4994014783961739	1.717061579517438
21183	2	Ohio County	KY	24103	2	Influenza	82.977000000	1.2658694148076663	3.2071155141321115
21195	3	Pike County	KY	64904	2	Influenza	46.222000000	1.101388538769935	2.6536845225995926
21199	1	Pulaski County	KY	63657	1	Influenza	15.709000000	0.4022782137731437	1.1768511726272186
21217	2	Taylor County	KY	24731	2	Influenza	80.870000000	1.258609320968102	3.1824489196821673
21235	1	Whitley County	KY	35823	1	Influenza	27.915000000	0.4806229273728831	1.6070063872426854
22005	2	Ascension Parish	LA	109985	1	Influenza	18.184000000	0.4220109426121655	1.2802987231796794
22017	2	Caddo Parish	LA	257051	2	Influenza	7.780000000	0.6207075450420072	1.1702682775745448
22019	1	Calcasieu Parish	LA	194092	1	Influenza	5.152000000	0.25953960460047754	0.5515836162381584
22033	5	East Baton Rouge Parish	LA	441438	2	Influenza	11.326000000	0.7176316721543003	1.44361942773916
22047	1	Iberville Parish	LA	33230	1	Influenza	30.093000000	0.4909975304949921	1.6675181235106251
22051	1	Jefferson Parish	LA	432640	1	Influenza	2.311000000	0.17103575122358702	0.28528634785107937
22057	1	Lafourche Parish	LA	96666	1	Influenza	10.344000000	0.34695556711282455	0.9073364762019224
22069	1	Natchitoches Parish	LA	39442	1	Influenza	25.353000000	0.4673688743570193	1.5307966032951523
22071	5	Orleans Parish	LA	360740	5	Influenza	13.860000000	1.9276235994925808	2.388762789235098
22073	2	Ouachita Parish	LA	154919	1	Influenza	12.909000000	0.37607658751785616	1.0452617417423462
22099	2	St. Martin Parish	LA	52917	2	Influenza	37.795000000	1.0452261063845465	2.467978458767312
22103	2	St. Tammany Parish	LA	236785	1	Influenza	8.446000000	0.32079876735341795	0.7914399210917588
22105	1	Tangipahoa Parish	LA	122571	1	Influenza	8.158000000	0.3163754020335577	0.7726182963345241
22109	1	Terrebonne Parish	LA	111917	1	Influenza	8.935000000	0.3280091251433972	0.8226077988139864
22111	1	Union Parish	LA	22732	1	Influenza	43.990000000	0.5437771775504402	1.985719386011751
23001	1	Androscoggin County	ME	107398	1	Influenza	9.311000000	0.33331589807654377	0.84592957777658
23005	1	Cumberland County	ME	282401	1	Influenza	3.541000000	0.21616389315940204	0.4093622662177388
23019	2	Penobscot County	ME	153786	1	Influenza	13.005000000	0.37705920124458175	1.050072093253885
23031	3	York County	ME	198199	2	Influenza	15.136000000	0.7945865144719744	1.6723322254591824
24001	3	Allegany County	MD	74692	2	Influenza	40.164000000	1.0621611679925274	2.5237609954706146
24003	3	Anne Arundel County	MD	544403	3	Influenza	5.510000000	0.8028597669516334	1.2123660536839578
24013	3	Carroll County	MD	167288	3	Influenza	17.933000000	1.2603884705443764	2.1616631924131275
24015	2	Cecil County	MD	101694	1	Influenza	19.666000000	0.43264140539888046	1.3374791966379536
24033	2	Prince George's County	MD	871233	2	Influenza	2.295000000	0.3406874765584202	0.504232508296347
24045	2	Wicomico County	MD	99190	2	Influenza	20.163000000	0.8720726782509477	1.9111496782975461
24047	2	Worcester County	MD	51514	1	Influenza	38.824000000	0.5263528208036051	1.8788978222828672
24510	11	Baltimore city	MD	619493	5	Influenza	17.756000000	2.0939383580195288	2.61614374585915
25009	1	Essex County	MA	748930	1	Influenza	1.335000000	0.12114455587440866	0.17455336714744393
25013	2	Hampden County	MA	463783	2	Influenza	4.312000000	0.4771338320497522	0.8028980445190645
25025	7	Suffolk County	MA	730932	3	Influenza	9.576000000	1.0108231213325702	1.6300245460424887
25027	4	Worcester County	MA	801227	2	Influenza	4.992000000	0.5115500703471195	0.8863615753456416
26025	2	Calhoun County	MI	135490	1	Influenza	14.761000000	0.39393407631334343	1.1342092277588423
26027	1	Cass County	MI	51988	1	Influenza	19.235000000	0.4296305397611184	1.3211842480833618
26033	1	Chippewa County	MI	38797	1	Influenza	25.775000000	0.4696383737619732	1.5437558805944502
26035	2	Clare County	MI	31033	2	Influenza	64.447000000	1.1946401870825596	2.9659650210167645
26049	2	Genesee County	MI	422080	2	Influenza	4.738000000	0.4991744907311923	0.855994627518521
26053	1	Gogebic County	MI	16281	1	Influenza	61.421000000	0.5905573938886507	2.2797696459968093
26059	1	Hillsdale County	MI	46514	1	Influenza	21.498000000	0.444775202338662	1.4039237603182837
26065	2	Ingham County	MI	281613	1	Influenza	7.101000000	0.29885535869262203	0.7003355677997797
26073	2	Isabella County	MI	70622	2	Influenza	28.319000000	0.9652102200070881	2.2073006271448286
26075	2	Jackson County	MI	159748	2	Influenza	12.519000000	0.7440274581092196	1.5210125492239783
26077	3	Kalamazoo County	MI	252074	2	Influenza	11.901000000	0.7306585222122857	1.4816694738809606
26081	5	Kent County	MI	608453	3	Influenza	8.217000000	0.9518784021477974	1.5088595946123615
26087	2	Lapeer County	MI	88082	1	Influenza	22.706000000	0.4522468829510441	1.4454388965520277
26093	2	Livingston County	MI	181722	2	Influenza	11.005000000	0.7100923513352048	1.4217304490779994
26099	2	Macomb County	MI	842145	1	Influenza	2.374000000	0.17372842630339666	0.29202975044520113
26101	1	Manistee County	MI	24709	1	Influenza	40.471000000	0.5321420553978248	1.9142088492224105
26107	1	Mecosta County	MI	43300	1	Influenza	23.094000000	0.45456612097780874	1.458415667281373
26115	1	Monroe County	MI	151560	1	Influenza	6.598000000	0.2896978649664906	0.6640125740489546
26121	1	Muskegon County	MI	171302	1	Influenza	5.837000000	0.274621291275951	0.6064214770474762
26125	9	Oakland County	MI	1210145	5	Influenza	7.437000000	1.5233048537024925	1.8424752159146545
26145	2	Saginaw County	MI	199088	1	Influenza	10.045000000	0.3431396909817258	0.8899467565345531
26147	1	St. Clair County	MI	161642	1	Influenza	6.186000000	0.28173352695590387	0.6332455116357946
26161	1	Washtenaw County	MI	347962	1	Influenza	2.873000000	0.19343277150465932	0.3438936095739992
26163	9	Wayne County	MI	1802096	4	Influenza	4.994000000	1.0232908393682694	1.3490374327641317
27003	2	Anoka County	MN	333140	2	Influenza	6.003000000	0.5560967510495373	0.9988445697338103
27007	1	Beltrami County	MN	45264	1	Influenza	22.092000000	0.4484980338855267	1.4245530732369809
27013	1	Blue Earth County	MN	64384	1	Influenza	15.531000000	0.40074820086726787	1.1689819896679354
27019	1	Carver County	MN	92638	1	Influenza	10.794000000	0.3525129896540446	0.9329511727672622
27053	8	Hennepin County	MN	1168431	4	Influenza	6.846000000	1.177145055878492	1.5916811908448414
27059	2	Isanti County	MN	38283	2	Influenza	52.242000000	1.1356707310175376	2.7679709337902243
27109	1	Olmsted County	MN	145769	1	Influenza	6.860000000	0.29454094377730217	0.6830968447064438
27119	1	Polk County	MN	31456	1	Influenza	31.790000000	0.49858908440807953	1.7122523323965626
27123	3	Ramsey County	MN	514696	3	Influenza	5.828000000	0.8232993449709404	1.2521096939335101
27145	6	Stearns County	MN	151343	3	Influenza	39.645000000	1.5878039259422299	2.8898557517720276
27163	1	Washington County	MN	241280	1	Influenza	4.144000000	0.23397585527647405	0.4649910874221913
27169	3	Winona County	MN	51378	3	Influenza	58.390000000	1.7503396551547579	3.259030167987424
28007	1	Attala County	MS	19466	1	Influenza	51.371000000	0.5654790004301075	2.1209090421020353
28035	2	Forrest County	MS	75842	2	Influenza	26.370000000	0.9455564351578822	2.1440916637326506
28039	1	George County	MS	22889	1	Influenza	43.689000000	0.5428181980463503	1.979798775477396
28047	1	Harrison County	MS	191040	1	Influenza	5.234000000	0.2614311687635922	0.5583088117650599
28049	4	Hinds County	MS	248184	4	Influenza	16.117000000	1.6228983552648728	2.3233396480156077
28067	1	Jones County	MS	68075	1	Influenza	14.689000000	0.39327997569297407	1.1308950705251568
28069	2	Kemper County	MS	10146	2	Influenza	197.122000000	1.5111094293031626	4.048659572006083
28071	2	Lafayette County	MS	48472	1	Influenza	41.260000000	0.5348344303125586	1.9306929111415723
28085	2	Lincoln County	MS	34889	1	Influenza	57.324000000	0.5808590960648627	2.2180226629364648
28087	1	Lowndes County	MS	59671	1	Influenza	16.758000000	0.41097658837287643	1.2220091668120345
28109	3	Pearl River County	MS	55718	2	Influenza	53.842000000	1.1441303782169236	2.7962703710167296
28115	1	Pontotoc County	MS	29900	1	Influenza	33.444000000	0.5056192595477027	1.7540081521738393
28151	2	Washington County	MS	50406	2	Influenza	39.677000000	1.0587608063280805	2.5125449775681403
29013	1	Bates County	MO	17008	1	Influenza	58.795000000	0.5844174350601101	2.2406336985467905
29019	4	Boone County	MO	165627	3	Influenza	24.150000000	1.3820819556624635	2.4292177439274116
29031	1	Cape Girardeau County	MO	76632	1	Influenza	13.049000000	0.37750731698135914	1.0522691281417296
29069	1	Dunklin County	MO	31974	1	Influenza	31.275000000	0.4963275623903866	1.698886792488434
29077	1	Greene County	MO	277214	1	Influenza	3.607000000	0.21822526942196857	0.4156040114680199
29081	1	Harrison County	MO	8866	1	Influenza	112.790000000	0.6763363777669882	2.8398300606879263
29095	4	Jackson County	MO	676360	3	Influenza	5.914000000	0.8286635749283283	1.2625920553853265
29101	1	Johnson County	MO	53439	1	Influenza	18.712000000	0.42588965533587275	1.3010476599398435
29147	1	Nodaway County	MO	23468	1	Influenza	42.611000000	0.5393299160160425	1.9583024342808557
29183	2	St. Charles County	MO	365151	1	Influenza	5.477000000	0.2668939200286829	0.577976800373571
29189	2	St. Louis County	MO	998692	2	Influenza	2.002000000	0.3140796380603629	0.45234869400701483
29229	1	Wright County	MO	18716	1	Influenza	53.430000000	0.5709879246351584	2.1555755213181538
29510	3	St. Louis city	MO	318069	3	Influenza	9.431000000	1.0049066321545002	1.617774494936551
30017	1	Custer County	MT	11752	1	Influenza	85.091000000	0.6364864109076228	2.5768670695613434
30031	3	Gallatin County	MT	91377	3	Influenza	32.831000000	1.5091618036792542	2.7127344509486018
31001	1	Adams County	NE	31216	1	Influenza	32.034000000	0.49964819058555693	1.718522912153697
31019	1	Buffalo County	NE	46690	1	Influenza	21.417000000	0.4442599427988227	1.4010774085766833
31043	2	Dakota County	NE	20913	2	Influenza	95.634000000	1.3059801846189623	3.3437095017895277
31055	4	Douglas County	NE	524861	3	Influenza	7.621000000	0.9232290373833377	1.4507101068637287
31101	1	Keith County	NE	8301	1	Influenza	120.467000000	0.685663231564433	2.9019473585131657
31109	9	Lancaster County	NE	289800	4	Influenza	31.055000000	1.9814018156795545	2.930965154861418
31119	1	Madison County	NE	34931	1	Influenza	28.627000000	0.4840980153892977	1.627193628308568
32003	6	Clark County	NV	1969975	4	Influenza	3.045000000	0.7985608860059743	1.007957920399979
32031	2	Washoe County	NV	425710	2	Influenza	4.698000000	0.49717578173591903	0.8511272535867778
33005	1	Cheshire County	NH	76918	1	Influenza	13.000000000	0.37700818994503693	1.0498221244986776
34003	5	Bergen County	NJ	911004	3	Influenza	5.488000000	0.8014089929199051	1.2095571826198366
34005	3	Burlington County	NJ	449576	2	Influenza	6.672000000	0.5821649535946106	1.0668758790645052
34007	1	Camden County	NJ	513241	1	Influenza	1.948000000	0.15444671061815574	0.24551989457256984
34013	2	Essex County	NJ	785137	2	Influenza	2.547000000	0.3617434787975671	0.5467993127957079
34015	5	Gloucester County	NJ	289104	3	Influenza	17.294000000	1.2456742016717883	2.129625292179733
34017	2	Hudson County	NJ	641224	2	Influenza	3.119000000	0.4044601187011268	0.6371813326414177
34019	1	Hunterdon County	NJ	128038	1	Influenza	7.810000000	0.31084106284972685	0.7493924792243941
34021	1	Mercer County	NJ	367063	1	Influenza	2.724000000	0.1878283370592601	0.3286869073985637
34023	3	Middlesex County	NJ	814217	3	Influenza	3.684000000	0.6617796196009161	0.9473463329094414
34029	2	Ocean County	NJ	579369	2	Influenza	3.452000000	0.42667240954665664	0.6862664194677229
34031	1	Passaic County	NJ	502007	1	Influenza	1.992000000	0.1565631514446044	0.2504251440960219
34035	1	Somerset County	NJ	324893	1	Influenza	3.077000000	0.20076591769101662	0.364345450242952
34039	1	Union County	NJ	539494	1	Influenza	1.853000000	0.14976729603305186	0.2348462355735987
35001	2	Bernalillo County	NM	670968	2	Influenza	2.980000000	0.39465194837038464	0.6159575418688154
35035	1	Otero County	NM	65703	1	Influenza	15.220000000	0.39803500695532384	1.1550826351561707
36001	2	Albany County	NY	303565	2	Influenza	6.588000000	0.5790194434493622	1.0585836301672504
36005	2	Bronx County	NY	1392002	2	Influenza	1.436000000	0.2543878142421859	0.34379231810771876
36007	2	Broome County	NY	199031	2	Influenza	10.048000000	0.6863569760305689	1.3534759664601572
36027	1	Dutchess County	NY	297999	1	Influenza	3.355000000	0.21018923004349516	0.39155934579223417
36029	7	Erie County	NY	918028	3	Influenza	7.625000000	0.9234278412503244	1.4511118611963616
36033	1	Franklin County	NY	51551	1	Influenza	19.398000000	0.430776693832618	1.3273781006514496
36047	5	Kings County	NY	2532645	4	Influenza	1.974000000	0.6228044845931219	0.755182571479398
36055	5	Monroe County	NY	745625	2	Influenza	6.705000000	0.5833912767920226	1.0701148277664403
36059	4	Nassau County	NY	1344436	3	Influenza	2.975000000	0.5914391777598408	0.8219800524029137
36061	19	New York County	NY	1601948	6	Influenza	11.860000000	2.189247187550977	2.412847858679214
36063	3	Niagara County	NY	216011	2	Influenza	13.888000000	0.7715872912399856	1.6030173446311777
36065	1	Oneida County	NY	234287	1	Influenza	4.268000000	0.23737868341157636	0.4760567009588128
36067	2	Onondaga County	NY	466960	2	Influenza	4.283000000	0.4755697480520511	0.7991788994818831
36077	1	Otsego County	NY	61917	1	Influenza	16.150000000	0.4059997390874212	1.1960846314769298
36081	3	Queens County	NY	2247848	2	Influenza	1.334000000	0.24216672396124692	0.32291131378592336
36091	1	Saratoga County	NY	220882	1	Influenza	4.527000000	0.244235024693018	0.4987819605635623
36101	1	Steuben County	NY	99033	1	Influenza	10.097000000	0.3438106859312038	0.892992860465659
36103	4	Suffolk County	NY	1498816	4	Influenza	2.668000000	0.7426551739395534	0.9260713170625027
36111	2	Ulster County	NY	182448	1	Influenza	10.962000000	0.3545335655174808	0.9423482661934446
37001	1	Alamance County	NC	153291	1	Influenza	6.523000000	0.2882807135111549	0.6584817904359095
37021	1	Buncombe County	NC	241419	1	Influenza	4.142000000	0.23392030126338542	0.4648116025433104
37063	1	Durham County	NC	273392	1	Influenza	3.657000000	0.2197673520000343	0.42030680418350586
37067	1	Forsyth County	NC	354952	1	Influenza	2.817000000	0.19135211053758466	0.338205427655071
37071	1	Gaston County	NC	207031	1	Influenza	4.830000000	0.251859571480343	0.5247285289349821
37081	1	Guilford County	NC	495279	1	Influenza	2.019000000	0.15784652153210027	0.25342331412825786
37085	1	Harnett County	NC	119256	1	Influenza	8.385000000	0.3198732385769246	0.7874828597186919
37089	1	Henderson County	NC	107927	1	Influenza	9.265000000	0.332677150067271	0.8431054108700013
37099	1	Jackson County	NC	40285	1	Influenza	24.823000000	0.4644665096671217	1.5142791497370551
37109	1	Lincoln County	NC	78932	1	Influenza	12.669000000	0.37359007073864514	1.0331336432124423
37115	1	Madison County	NC	20816	1	Influenza	48.039000000	0.5560879857004167	2.062131875800073
37119	3	Mecklenburg County	NC	944373	2	Influenza	3.176000000	0.408386814451525	0.6457560373042207
37127	4	Nash County	NC	96116	3	Influenza	41.616000000	1.6080984726920136	2.9357395948765657
37155	2	Robeson County	NC	135517	2	Influenza	14.758000000	0.7878137636638561	1.651840371647521
37179	2	Union County	NC	205463	2	Influenza	9.734000000	0.6781189353584677	1.3300263070944998
37183	4	Wake County	NC	929780	3	Influenza	4.302000000	0.7148931890857859	1.0451110447685585
37199	1	Yancey County	NC	17701	1	Influenza	56.493000000	0.578809028751723	2.2050195145464015
38017	3	Cass County	ND	152368	3	Influenza	19.689000000	1.2984009248835453	2.2447592295684147
38035	2	Grand Forks County	ND	66598	2	Influenza	30.030000000	0.9814155652743682	2.259677591982769
38079	4	Rolette County	ND	14206	3	Influenza	281.571000000	2.4188270770468607	4.8013394665657
38101	1	Ward County	ND	64072	1	Influenza	15.607000000	0.40140347046065944	1.1723494437783695
39003	1	Allen County	OH	106094	1	Influenza	9.425000000	0.33488668109783787	0.8528944153153609
39009	2	Athens County	OH	64769	2	Influenza	30.878000000	0.9891188904848175	2.284653856410597
39021	1	Champaign County	OH	39795	1	Influenza	25.128000000	0.4661439337468728	1.5238177750139508
39025	1	Clermont County	OH	199139	1	Influenza	5.021000000	0.25646476549747294	0.5407449712668039
39027	1	Clinton County	OH	41927	1	Influenza	23.850000000	0.4589796789346625	1.4832266012960835
39035	8	Cuyahoga County	OH	1270294	5	Influenza	6.297000000	1.4196166462739164	1.7043584059309673
39045	1	Fairfield County	OH	147066	1	Influenza	6.799000000	0.2934279314783373	0.6786859767141041
39049	9	Franklin County	OH	1178799	5	Influenza	7.634000000	1.5397913550952043	1.8645230006111995
39059	1	Guernsey County	OH	39927	1	Influenza	25.045000000	0.46568940159959354	1.5212310159008768
39061	7	Hamilton County	OH	800362	5	Influenza	8.746000000	1.6263263888723676	1.9806073025232853
39063	1	Hancock County	OH	75056	1	Influenza	13.323000000	0.38026666239967544	1.0658431005528568
39085	2	Lake County	OH	229885	2	Influenza	8.700000000	0.6491788244312391	1.2486729832438428
39089	1	Licking County	OH	167248	1	Influenza	5.979000000	0.2775579485764307	0.6174225176503085
39093	1	Lorain County	OH	301614	1	Influenza	3.315000000	0.20887104636219878	0.3876889974679018
39095	4	Lucas County	OH	440005	3	Influenza	9.090000000	0.9906620718709361	1.5883601868312043
39099	3	Mahoning County	OH	237270	3	Influenza	12.643000000	1.1199542441060302	1.8591733169350886
39123	1	Ottawa County	OH	41396	1	Influenza	24.156000000	0.46072806238303665	1.4930966940023889
39133	3	Portage County	OH	161624	3	Influenza	18.561000000	1.274373337733238	2.192180129444138
39143	1	Sandusky County	OH	60734	1	Influenza	16.465000000	0.4085998397512565	1.2095998001910677
39147	1	Seneca County	OH	56469	1	Influenza	17.708000000	0.4184216056948057	1.2612169287783395
39151	2	Stark County	OH	375087	2	Influenza	5.332000000	0.5273188977196474	0.9256185210393716
39153	5	Summit County	OH	539832	4	Influenza	9.262000000	1.330541572868442	1.8393697993449383
39155	1	Trumbull County	OH	209264	1	Influenza	4.778000000	0.2505796574348634	0.5203232354670657
39167	1	Washington County	OH	61755	1	Influenza	16.193000000	0.40635747489110147	1.197940359951134
40021	1	Cherokee County	OK	47845	1	Influenza	20.900000000	0.4409266624032079	1.3827165397720067
40047	1	Garfield County	OK	60670	1	Influenza	16.482000000	0.40873882573689946	1.2103240211527069
40051	1	Grady County	OK	53020	1	Influenza	18.860000000	0.4269582369452895	1.3067872242883982
40101	1	Muskogee County	OK	71003	1	Influenza	14.083000000	0.3876526116837308	1.102556879482543
40109	1	Oklahoma County	OK	732371	1	Influenza	1.365000000	0.12296828884912805	0.17814618538347404
40119	2	Payne County	OK	77988	2	Influenza	25.644000000	0.9378754241574094	2.1194860912108946
40143	3	Tulsa County	OK	610599	3	Influenza	4.913000000	0.7616371357880113	1.1331977334197287
41035	1	Klamath County	OR	66299	1	Influenza	15.083000000	0.39682325907335864	1.1488979326893654
41039	4	Lane County	OR	353416	3	Influenza	11.318000000	1.0761692602563648	1.766539336571055
41043	1	Linn County	OR	118122	1	Influenza	8.465000000	0.32108582638018374	0.7926692570817195
41047	3	Marion County	OR	318872	2	Influenza	9.408000000	0.6693070689172013	1.3050843056943475
41051	3	Multnomah County	OR	748031	2	Influenza	4.010000000	0.460410261456221	0.7634724972806755
41067	1	Washington County	OR	540410	1	Influenza	1.850000000	0.14961699918293703	0.2345073099645248
42001	1	Adams County	PA	101434	1	Influenza	9.858000000	0.3407003050690371	0.8789151725199772
42003	5	Allegheny County	PA	1227066	3	Influenza	4.074000000	0.6960554833616099	1.0101453073457793
42013	1	Blair County	PA	127099	1	Influenza	7.867000000	0.31176236005683855	0.7532338425759003
42027	2	Centre County	PA	154722	2	Influenza	12.926000000	0.7525021704343872	1.5461024768226326
42029	1	Chester County	PA	503897	1	Influenza	1.984000000	0.15618066890593063	0.2495350683808287
42043	1	Dauphin County	PA	268977	1	Influenza	3.717000000	0.2215961434717321	0.42592111667554666
42049	1	Erie County	PA	280985	1	Influenza	3.558000000	0.21669770440335606	0.41097371734611116
42069	1	Lackawanna County	PA	214166	1	Influenza	4.669000000	0.24785896219173806	0.511025603768657
42071	1	Lancaster County	PA	523594	1	Influenza	1.909000000	0.15254419707329495	0.2411518526831934
42079	2	Luzerne County	PA	320651	2	Influenza	6.237000000	0.565487644538283	1.023170093501251
42091	1	Montgomery County	PA	804210	1	Influenza	1.243000000	0.11540203650543875	0.1634542062757771
42095	1	Northampton County	PA	298476	1	Influenza	3.350000000	0.2100251207286561	0.3910763706560648
42101	10	Philadelphia County	PA	1536471	5	Influenza	6.508000000	1.4399779419459018	1.7314026686871575
42107	1	Schuylkill County	PA	147513	1	Influenza	6.779000000	0.2930611136035196	0.6772355449564528
42129	1	Westmoreland County	PA	364471	1	Influenza	2.743000000	0.18855534698889884	0.3306389293878909
42133	2	York County	PA	436770	1	Influenza	4.579000000	0.24557279269477017	0.5032829635748227
44007	3	Providence County	RI	626709	3	Influenza	4.786000000	0.7523319456659757	1.1155162276940402
45019	5	Charleston County	SC	357704	5	Influenza	13.978000000	1.933273184162268	2.396465679988776
45021	2	Cherokee County	SC	55540	2	Influenza	36.010000000	1.0317680418280184	2.423790835927931
45031	2	Darlington County	SC	68299	2	Influenza	29.283000000	0.9744532854168116	2.2371471198517234
45039	1	Fairfield County	SC	23571	1	Influenza	42.425000000	0.5387193303038812	1.9545462200013672
45041	3	Florence County	SC	137862	3	Influenza	21.760000000	1.3392876896820558	2.334637316668714
45045	1	Greenville County	SC	461299	1	Influenza	2.167000000	0.1646835382223575	0.2696999299243253
45063	2	Lexington County	SC	267129	1	Influenza	7.487000000	0.30550508299822	0.7273415465042011
45075	1	Orangeburg County	SC	91910	1	Influenza	10.880000000	0.3535509019906427	0.9377726206900547
45077	1	Pickens County	SC	119574	1	Influenza	8.363000000	0.3195379645652503	0.7860518720932097
45079	3	Richland County	SC	389116	2	Influenza	7.709000000	0.6183877067744579	1.1639540585435904
46099	1	Minnehaha County	SD	171752	1	Influenza	5.822000000	0.2743075262852077	0.6052522965097522
47037	16	Davidson County	TN	635475	7	Influenza	25.178000000	3.2649193633695277	3.2649193633695277
47057	1	Grainger County	TN	22766	1	Influenza	43.925000000	0.5435706332385175	1.9844438130575563
47065	6	Hamilton County	TN	340855	5	Influenza	17.602000000	2.0880493584430537	2.608072000163345
47071	1	Hardin County	TN	25874	1	Influenza	38.648000000	0.525720072206676	1.875049645415831
47083	1	Houston County	TN	8333	1	Influenza	120.004000000	0.6851176575573689	2.8983084329702797
47087	1	Jackson County	TN	11371	1	Influenza	87.943000000	0.6411422450169412	2.607366562473195
47093	1	Knox County	TN	436929	1	Influenza	2.288000000	0.17003992531341905	0.28281309534027715
47103	1	Lincoln County	TN	33431	1	Influenza	29.912000000	0.49016349400430104	1.6626265523760846
47113	1	Madison County	TN	98255	1	Influenza	10.177000000	0.3448368707719249	0.897661130599575
47115	1	Marion County	TN	28223	1	Influenza	35.432000000	0.5136353584744834	1.801992645508084
47119	1	Maury County	TN	81509	1	Influenza	12.268000000	0.369336445869258	1.0125355397126612
47125	1	Montgomery County	TN	176619	1	Influenza	5.661000000	0.2708956604901489	0.5926162534828028
47149	2	Rutherford County	TN	268921	2	Influenza	7.437000000	0.6093219414809969	1.1393885678577207
47157	2	Shelby County	TN	935088	2	Influenza	2.138000000	0.326738758374526	0.47676642419655274
47165	1	Sumner County	TN	163686	1	Influenza	6.109000000	0.2801945124210494	0.6273888681603589
47167	1	Tipton County	TN	61293	1	Influenza	16.315000000	0.4073675968363408	1.2031867812049708
47177	3	Warren County	TN	39927	3	Influenza	75.137000000	1.8568004353178043	3.5025972069881965
47179	1	Washington County	TN	124353	1	Influenza	8.041000000	0.3145385411078899	0.7648696566177628
47187	1	Williamson County	TN	188560	1	Influenza	5.303000000	0.26300367293299615	0.5639329860227186
48005	2	Angelina County	TX	87669	1	Influenza	22.813000000	0.452890235720258	1.4490343909410766
48029	8	Bexar County	TX	1756153	4	Influenza	4.555000000	0.9798276703380534	1.2817271814814601
48039	1	Brazoria County	TX	319973	1	Influenza	3.125000000	0.20243800282666347	0.3690974639372895
48041	4	Brazos County	TX	197632	2	Influenza	20.239000000	0.8730968897960313	1.914356296799798
48061	1	Cameron County	TX	414123	1	Influenza	2.414000000	0.17541208919603557	0.29628779392363713
48067	1	Cass County	TX	30256	1	Influenza	33.051000000	0.5039799143914139	1.7442434929363537
48073	1	Cherokee County	TX	51140	1	Influenza	19.554000000	0.4318650813146973	1.333270246418397
48085	1	Collin County	TX	812226	1	Influenza	1.231000000	0.11463570220719935	0.16199736493519368
48113	24	Dallas County	TX	2416014	5	Influenza	9.933000000	1.70841838460882	2.0912465871295987
48121	10	Denton County	TX	686406	5	Influenza	14.568000000	1.9608696610311782	2.434114482947895
48143	1	Erath County	TX	38266	1	Influenza	26.132000000	0.47153054901197616	1.5545894336807045
48157	1	Fort Bend County	TX	606953	1	Influenza	1.647000000	0.1390609890349949	0.2113022909229799
48167	6	Galveston County	TX	295747	4	Influenza	20.287000000	1.7474837472860234	2.533107070932197
48185	1	Grimes County	TX	26887	1	Influenza	37.192000000	0.5203751527994963	1.8426336281715683
48201	30	Harris County	TX	4180894	7	Influenza	7.175000000	2.101080716783317	2.101080716783317
48209	4	Hays County	TX	164050	3	Influenza	24.382000000	1.3860172548805598	2.437939822329429
48215	4	Hidalgo County	TX	797810	3	Influenza	5.013000000	0.7688244823103279	1.146903462149241
48245	1	Jefferson County	TX	252802	1	Influenza	3.955000000	0.22862816682599305	0.4478858239921165
48255	1	Karnes County	TX	14946	1	Influenza	66.907000000	0.60259130314778	2.3568973970110463
48309	1	McLennan County	TX	238564	1	Influenza	4.191000000	0.23527519383501314	0.46919973478057686
48321	1	Matagorda County	TX	36809	1	Influenza	27.167000000	0.47687872570636003	1.5853501169050104
48339	1	Montgomery County	TX	471734	1	Influenza	2.119000000	0.1625017768036666	0.26444999989621515
48347	2	Nacogdoches County	TX	65466	2	Influenza	30.550000000	0.9861638825677778	2.275067064100153
48355	1	Nueces County	TX	343281	1	Influenza	2.913000000	0.1949006204611822	0.34793687799544715
48363	2	Palo Pinto County	TX	28115	1	Influenza	71.136000000	0.6112218894568008	2.4125407490898625
48409	1	San Patricio County	TX	64726	1	Influenza	15.449000000	0.40003781215571727	1.1653359207110179
48423	1	Smith County	TX	213381	1	Influenza	4.686000000	0.24828671617554401	0.512481395076932
48439	7	Tarrant County	TX	1849815	4	Influenza	3.784000000	0.8944440095133317	1.1512950934293116
48441	1	Taylor County	TX	132755	1	Influenza	7.532000000	0.3062605429441577	0.7304429653036423
48453	21	Travis County	TX	1063130	7	Influenza	19.752000000	3.032642627574088	3.032642627574088
48471	1	Walker County	TX	68087	1	Influenza	14.687000000	0.39326176341058616	1.1308028536309565
48473	1	Waller County	TX	44013	1	Influenza	22.720000000	0.4523312248756464	1.4459100707942452
48485	3	Wichita County	TX	130698	2	Influenza	22.953000000	0.9074553077065026	2.0226066049272973
49011	2	Davis County	UT	311811	2	Influenza	6.414000000	0.5723914584938686	1.0411849311030141
49035	4	Salt Lake County	UT	1048985	2	Influenza	3.813000000	0.4489487400917063	0.7368906177934461
49043	1	Summit County	UT	37594	1	Influenza	26.599000000	0.4739685057403794	1.568586155566189
49049	3	Utah County	UT	530499	3	Influenza	5.655000000	0.8123007650773179	1.2306842835562812
50005	1	Caledonia County	VT	31166	1	Influenza	32.086000000	0.49987289031211773	1.7198541975525719
51003	1	Albemarle County	VA	100553	1	Influenza	9.945000000	0.3418403901392609	0.8840626560037014
51041	1	Chesterfield County	VA	320277	1	Influenza	3.122000000	0.20233406892403819	0.3688011237365729
51131	1	Northampton County	VA	12377	1	Influenza	80.795000000	0.6291737310065907	2.5290944023559807
51143	1	Pittsylvania County	VA	62844	1	Influenza	15.912000000	0.4040033470182688	1.1857506417229218
51145	1	Powhatan County	VA	28110	1	Influenza	35.574000000	0.5141910864932059	1.805333589255173
51153	2	Prince William County	VA	419006	2	Influenza	4.773000000	0.5009119645939418	0.8602342317126779
51157	1	Rappahannock County	VA	7444	1	Influenza	134.336000000	0.7011086535961415	3.005229885255066
51163	3	Rockbridge County	VA	22375	2	Influenza	134.078000000	1.4016721112476833	3.6714280605001806
51610	2	Falls Church city	VA	12751	2	Influenza	156.850000000	1.4461843471440001	3.824595957643796
51680	1	Lynchburg city	VA	76504	1	Influenza	13.071000000	0.3777308488294455	1.0533658381220428
51700	2	Newport News city	VA	179611	2	Influenza	11.135000000	0.7131696683367327	1.4306529516484812
51735	2	Poquoson city	VA	12000	1	Influenza	166.666000000	0.7317105578972262	3.211223765250983
51760	1	Richmond city	VA	205533	1	Influenza	4.865000000	0.252714640300777	0.5276827408324136
51810	1	Virginia Beach city	VA	442707	1	Influenza	2.258000000	0.16873050145426477	0.27957789355376544
51830	1	Williamsburg city	VA	14444	1	Influenza	69.232000000	0.6074005782319868	2.387871172990574
53005	3	Benton County	WA	180678	3	Influenza	16.604000000	1.2291969209780764	2.0938374219635683
53007	2	Chelan County	WA	73477	2	Influenza	27.219000000	0.9542844314102032	2.1721183871709395
53011	2	Clark County	WA	433418	2	Influenza	4.614000000	0.49293242226848305	0.8408279962888876
53033	16	King County	WA	1969722	7	Influenza	8.122000000	2.2106890782895086	2.2106890782895086
53041	2	Lewis County	WA	75901	2	Influenza	26.350000000	0.9453475796765687	2.143421871343243
53053	4	Pierce County	WA	807904	3	Influenza	4.951000000	0.7643825454268779	1.138428062832702
53057	2	Skagit County	WA	118109	2	Influenza	16.933000000	0.8247550259903678	1.764388272431923
53061	1	Snohomish County	WA	722400	1	Influenza	1.384000000	0.12411139274330048	0.18041497852337307
53063	4	Spokane County	WA	473761	2	Influenza	8.443000000	0.6415067789374092	1.2273823641909218
53067	1	Thurston County	WA	256591	1	Influenza	3.897000000	0.2269461103885972	0.4425773729394358
54007	1	Braxton County	WV	14485	1	Influenza	69.036000000	0.6070013422234386	2.385296763288594
54011	1	Cabell County	WV	96653	1	Influenza	10.346000000	0.34698075127205363	0.9074517832069507
54039	1	Kanawha County	WV	192315	1	Influenza	5.199000000	0.26062685553139747	0.5554438321112872
54045	1	Logan County	WV	36457	1	Influenza	27.429000000	0.4782013929903473	1.592989083435331
54061	2	Monongalia County	WV	98528	2	Influenza	20.298000000	0.8738894775980548	1.9168385750375938
54069	2	Ohio County	WV	44246	2	Influenza	45.201000000	1.0951432693928822	2.632936595263262
54107	1	Wood County	WV	87120	1	Influenza	11.478000000	0.3605667276697992	0.97067068619324
55009	1	Brown County	WI	251412	1	Influenza	3.977000000	0.22926104283948817	0.4498920256498661
55025	6	Dane County	WI	495959	6	Influenza	12.097000000	2.2048998825833706	2.4308777875703664
55031	2	Douglas County	WI	44105	1	Influenza	45.346000000	0.548019284056527	2.011965376554922
55033	1	Dunn County	WI	43971	1	Influenza	22.742000000	0.45246366166162033	1.4466500392111785
55059	2	Kenosha County	WI	167293	2	Influenza	11.955000000	0.7318519468611637	1.4851696070887115
55079	8	Milwaukee County	WI	952532	4	Influenza	8.398000000	1.2802839432460709	1.7576608538016127
55089	1	Ozaukee County	WI	86568	1	Influenza	11.551000000	0.3614000490969013	0.9746135469009228
55097	1	Portage County	WI	70084	1	Influenza	14.268000000	0.3893941621261405	1.1112934465867788
55101	3	Racine County	WI	195388	3	Influenza	15.354000000	1.1976310781741937	2.025550892121445
55127	4	Walworth County	WI	102931	3	Influenza	38.860000000	1.5794457063362781	2.87097857057752
55131	1	Washington County	WI	132386	1	Influenza	7.553000000	0.30661172837123496	0.731887008875876
55133	4	Waukesha County	WI	390730	3	Influenza	10.237000000	1.0368051021110423	1.6840416800282951
56021	2	Laramie County	WY	92680	2	Influenza	21.579000000	0.8905772202174831	1.969267874066133
56037	1	Sweetwater County	WY	44175	1	Influenza	22.637000000	0.451830468704523	1.4431134316751333
